year,type,importance,event,link
1920,world,,Gandhi non-cooperation movement,
1925,thailand,,ร.7 ขึ้นครองราชย์,https://th.wikipedia.org/wiki/%E0%B8%9E%E0%B8%A3%E0%B8%B0%E0%B8%9A%E0%B8%B2%E0%B8%97%E0%B8%AA%E0%B8%A1%E0%B9%80%E0%B8%94%E0%B9%87%E0%B8%88%E0%B8%9E%E0%B8%A3%E0%B8%B0%E0%B8%9B%E0%B8%81%E0%B9%80%E0%B8%81%E0%B8%A5%E0%B9%89%E0%B8%B2%E0%B9%80%E0%B8%88%E0%B9%89%E0%B8%B2%E0%B8%AD%E0%B8%A2%E0%B8%B9%E0%B9%88%E0%B8%AB%E0%B8%B1%E0%B8%A7
1928,world,,Mickey Mouse first appeared,
1929,world,,Wall Street Crash,https://en.wikipedia.org/wiki/Wall_Street_Crash_of_1929
1929,world,1,The Great Depression,
1932,thailand,,การปฏิวัติสยาม เป็นประชาธิปไตย พ.ศ. 2475,https://th.wikipedia.org/wiki/%E0%B8%81%E0%B8%B2%E0%B8%A3%E0%B8%9B%E0%B8%8F%E0%B8%B4%E0%B8%A7%E0%B8%B1%E0%B8%95%E0%B8%B4%E0%B8%AA%E0%B8%A2%E0%B8%B2%E0%B8%A1_%E0%B8%9E.%E0%B8%A8._2475
1933,thailand,,กบฎบวรเดช,https://th.wikipedia.org/wiki/%E0%B8%81%E0%B8%9A%E0%B8%8F%E0%B8%9A%E0%B8%A7%E0%B8%A3%E0%B9%80%E0%B8%94%E0%B8%8A
1935,thailand,,ร.8 ขึ้นครองราชย์,https://th.wikipedia.org/wiki/%E0%B8%9E%E0%B8%A3%E0%B8%B0%E0%B8%9A%E0%B8%B2%E0%B8%97%E0%B8%AA%E0%B8%A1%E0%B9%80%E0%B8%94%E0%B9%87%E0%B8%88%E0%B8%9E%E0%B8%A3%E0%B8%B0%E0%B8%9B%E0%B8%A3%E0%B9%80%E0%B8%A1%E0%B8%99%E0%B8%97%E0%B8%A3%E0%B8%A1%E0%B8%AB%E0%B8%B2%E0%B8%AD%E0%B8%B2%E0%B8%99%E0%B8%B1%E0%B8%99%E0%B8%97%E0%B8%A1%E0%B8%AB%E0%B8%B4%E0%B8%94%E0%B8%A5_%E0%B8%9E%E0%B8%A3%E0%B8%B0%E0%B8%AD%E0%B8%B1%E0%B8%90%E0%B8%A1%E0%B8%A3%E0%B8%B2%E0%B8%A1%E0%B8%B2%E0%B8%98%E0%B8%B4%E0%B8%9A%E0%B8%94%E0%B8%B4%E0%B8%99%E0%B8%97%E0%B8%A3
1938,thailand,,จอมพลป. เป็นนายก,https://th.wikipedia.org/wiki/%E0%B9%81%E0%B8%9B%E0%B8%A5%E0%B8%81_%E0%B8%9E%E0%B8%B4%E0%B8%9A%E0%B8%B9%E0%B8%A5%E0%B8%AA%E0%B8%87%E0%B8%84%E0%B8%A3%E0%B8%B2%E0%B8%A1
1939,world,1,Start of WWII,
1939,thailand,,ประกาศใช้กฏหมายรัฐนิยม,https://th.wikipedia.org/wiki/%E0%B8%A3%E0%B8%B1%E0%B8%90%E0%B8%99%E0%B8%B4%E0%B8%A2%E0%B8%A1
1939,thailand,,สุนทราภรณ์ ก่อตั้ง,
1941,thailand,,เกิดขบวนการเสรีไทย,https://th.wikipedia.org/wiki/%E0%B9%80%E0%B8%AA%E0%B8%A3%E0%B8%B5%E0%B9%84%E0%B8%97%E0%B8%A2
1945,world,,The Hiroshima/Nagasaki Bombing,
1945,world,1,End of WWII,
1945,world,1,Start of Cold War,
1945,world,,India-Pakistan partition,
1946,thailand,,ร.8 สวรรคต,https://th.wikipedia.org/wiki/%E0%B8%81%E0%B8%B2%E0%B8%A3%E0%B8%AA%E0%B8%A7%E0%B8%A3%E0%B8%A3%E0%B8%84%E0%B8%95%E0%B8%82%E0%B8%AD%E0%B8%87%E0%B8%9E%E0%B8%A3%E0%B8%B0%E0%B8%9A%E0%B8%B2%E0%B8%97%E0%B8%AA%E0%B8%A1%E0%B9%80%E0%B8%94%E0%B9%87%E0%B8%88%E0%B8%9E%E0%B8%A3%E0%B8%B0%E0%B8%9B%E0%B8%A3%E0%B9%80%E0%B8%A1%E0%B8%99%E0%B8%97%E0%B8%A3%E0%B8%A1%E0%B8%AB%E0%B8%B2%E0%B8%AD%E0%B8%B2%E0%B8%99%E0%B8%B1%E0%B8%99%E0%B8%97%E0%B8%A1%E0%B8%AB%E0%B8%B4%E0%B8%94%E0%B8%A5
1946,thailand,,ร.9 ขึ้นครองราชย์,https://th.wikipedia.org/wiki/%E0%B8%9E%E0%B8%A3%E0%B8%B0%E0%B8%9A%E0%B8%B2%E0%B8%97%E0%B8%AA%E0%B8%A1%E0%B9%80%E0%B8%94%E0%B9%87%E0%B8%88%E0%B8%9E%E0%B8%A3%E0%B8%B0%E0%B8%A1%E0%B8%AB%E0%B8%B2%E0%B8%A0%E0%B8%B9%E0%B8%A1%E0%B8%B4%E0%B8%9E%E0%B8%A5%E0%B8%AD%E0%B8%94%E0%B8%B8%E0%B8%A5%E0%B8%A2%E0%B9%80%E0%B8%94%E0%B8%8A%E0%B8%A1%E0%B8%AB%E0%B8%B2%E0%B8%A3%E0%B8%B2%E0%B8%8A_%E0%B8%9A%E0%B8%A3%E0%B8%A1%E0%B8%99%E0%B8%B2%E0%B8%96%E0%B8%9A%E0%B8%9E%E0%B8%B4%E0%B8%95%E0%B8%A3
1947,thailand,,รัฐประหารโดย ????,https://th.wikipedia.org/wiki/%E0%B8%A3%E0%B8%B1%E0%B8%90%E0%B8%9B%E0%B8%A3%E0%B8%B0%E0%B8%AB%E0%B8%B2%E0%B8%A3%E0%B9%83%E0%B8%99%E0%B8%9B%E0%B8%A3%E0%B8%B0%E0%B9%80%E0%B8%97%E0%B8%A8%E0%B9%84%E0%B8%97%E0%B8%A2_%E0%B8%9E.%E0%B8%A8._2490
1949,world,,Mao Zedong rose to power,
1950,world,,Start of Korean War,
1950,thailand,,บรมราชาภิเษก ร.9,https://th.wikipedia.org/wiki/%E0%B8%9E%E0%B8%A3%E0%B8%B0%E0%B8%A3%E0%B8%B2%E0%B8%8A%E0%B8%9E%E0%B8%B4%E0%B8%98%E0%B8%B5%E0%B8%9A%E0%B8%A3%E0%B8%A1%E0%B8%A3%E0%B8%B2%E0%B8%8A%E0%B8%B2%E0%B8%A0%E0%B8%B4%E0%B9%80%E0%B8%A9%E0%B8%81_%E0%B8%9E%E0%B8%B8%E0%B8%97%E0%B8%98%E0%B8%A8%E0%B8%B1%E0%B8%81%E0%B8%A3%E0%B8%B2%E0%B8%8A_2493
1953,thailand,,ศาลาเฉลิมไทยกลายเป็นโรงภาพยนตร์,https://th.wikipedia.org/wiki/%E0%B8%A8%E0%B8%B2%E0%B8%A5%E0%B8%B2%E0%B9%80%E0%B8%89%E0%B8%A5%E0%B8%B4%E0%B8%A1%E0%B9%84%E0%B8%97%E0%B8%A2#%E0%B8%84%E0%B8%A7%E0%B8%B2%E0%B8%A1%E0%B8%A3%E0%B8%B8%E0%B9%88%E0%B8%87%E0%B9%82%E0%B8%A3%E0%B8%88%E0%B8%99%E0%B9%8C%E0%B9%81%E0%B8%A5%E0%B8%B0%E0%B8%99%E0%B8%A7%E0%B8%B1%E0%B8%95%E0%B8%81%E0%B8%A3%E0%B8%A3%E0%B8%A1
1955,world,2,Start of Vietnam War,https://en.wikipedia.org/wiki/Vietnam_War
1957,world,,First satellite in orbit (Television broadcasting),
1957,thailand,,รัฐประหารโดย ????,https://th.wikipedia.org/wiki/%E0%B8%A3%E0%B8%B1%E0%B8%90%E0%B8%9B%E0%B8%A3%E0%B8%B0%E0%B8%AB%E0%B8%B2%E0%B8%A3%E0%B9%83%E0%B8%99%E0%B8%9B%E0%B8%A3%E0%B8%B0%E0%B9%80%E0%B8%97%E0%B8%A8%E0%B9%84%E0%B8%97%E0%B8%A2_%E0%B8%9E.%E0%B8%A8._2500
1959,thailand,,สฤษดิ์ ธนะรัชต์ เป็นนายก,https://th.wikipedia.org/wiki/%E0%B8%AA%E0%B8%A4%E0%B8%A9%E0%B8%94%E0%B8%B4%E0%B9%8C_%E0%B8%98%E0%B8%99%E0%B8%B0%E0%B8%A3%E0%B8%B1%E0%B8%8A%E0%B8%95%E0%B9%8C
1960,thailand,,ก่อตั้งการบินไทย,https://en.wikipedia.org/wiki/Thai_Airways
1961,world,,JFK became a president,
1963,world,2,JFK assasinated,
1963,world,,"MLK's ""I have a dream"" speech",
1964,world,,Tokyo Olympics,https://en.wikipedia.org/wiki/1964_Summer_Olympics
1964,world,,The Beatles Became a Hit,https://en.wikipedia.org/wiki/The_Beatles
1964,thailand,,ห้างไทยไดมารูเปิดให้บริการ,https://th.wikipedia.org/wiki/%E0%B9%84%E0%B8%97%E0%B8%A2%E0%B9%84%E0%B8%94%E0%B8%A1%E0%B8%B2%E0%B8%A3%E0%B8%B9
1965,world,3,Indonesian Communist Purge Started,
1965,thailand,,อาภัสรา หงสกุล นางงามจักรวาลคนแรกของไทย,
1966,world,2,China's Cultural Revolution,
1966,thailand,,โรงภาพยนตร์สยามฉายหนังเรื่องแรก,https://th.wikipedia.org/wiki/%E0%B9%82%E0%B8%A3%E0%B8%87%E0%B8%A0%E0%B8%B2%E0%B8%9E%E0%B8%A2%E0%B8%99%E0%B8%95%E0%B8%A3%E0%B9%8C%E0%B9%80%E0%B8%84%E0%B8%A3%E0%B8%B7%E0%B8%AD%E0%B9%80%E0%B8%AD%E0%B9%80%E0%B8%9E%E0%B9%87%E0%B8%81%E0%B8%8B%E0%B9%8C
1968,world,,Martin Luther King jr. assasinated,
1969,world,,1st man on the moon,
1970,world,,1st Pride Parade,
1970,thailand,,มิตร ชัยบัญชา ตกเฮลิคอปเตอร์,https://th.wikipedia.org/wiki/%E0%B8%A1%E0%B8%B4%E0%B8%95%E0%B8%A3_%E0%B8%8A%E0%B8%B1%E0%B8%A2%E0%B8%9A%E0%B8%B1%E0%B8%8D%E0%B8%8A%E0%B8%B2
1972,world,3,Martial Law in Phillipines under Ferdinand Marcos,https://en.wikipedia.org/wiki/Martial_law_under_Ferdinand_Marcos
1973,thailand,,14 ตุลา,https://th.wikipedia.org/wiki/%E0%B9%80%E0%B8%AB%E0%B8%95%E0%B8%B8%E0%B8%81%E0%B8%B2%E0%B8%A3%E0%B8%93%E0%B9%8C_14_%E0%B8%95%E0%B8%B8%E0%B8%A5%E0%B8%B2
1975,world,3,Khmer Rouge rose to power,https://en.wikipedia.org/wiki/Khmer_Rouge
1975,world,,Pathet Lao rose to power,https://en.wikipedia.org/wiki/Pathet_Lao
1975,world,,"Fall of Saigon, End of Vietnam War",https://en.wikipedia.org/wiki/Vietnam_War
1975,world,,Microsoft Founded,https://en.wikipedia.org/wiki/Microsoft
1976,world,,Apple Inc. Founded,https://en.wikipedia.org/wiki/Apple_Inc.
1976,thailand,,6 ตุลา,https://th.wikipedia.org/wiki/%E0%B9%80%E0%B8%AB%E0%B8%95%E0%B8%B8%E0%B8%81%E0%B8%B2%E0%B8%A3%E0%B8%93%E0%B9%8C_6_%E0%B8%95%E0%B8%B8%E0%B8%A5%E0%B8%B2
1977,world,3,Star Wars: the New Hope,
1977,thailand,,แผลเก่า เวอร์ชันสรพงศ์ชาตรี,https://th.wikipedia.org/wiki/%E0%B9%81%E0%B8%9C%E0%B8%A5%E0%B9%80%E0%B8%81%E0%B9%88%E0%B8%B2
1978,world,,Deng Xiaoping rose to power จีนเปิดประเทศ,
1978,thailand,,ก่อตั้ั้ง CPF ,https://en.wikipedia.org/wiki/Charoen_Pokphand_Foods
1979,world,2,Margaret Thatcher rose to power,
1981,world,,Ronald Reagan became a president,
1981,thailand,,ก่อตั้ง the Mall Group ห้างแห่งแรกของไทย บนถนนราชดำริ,https://en.wikipedia.org/wiki/The_Mall_Group
1981,thailand,,ี้่ร้านอาหาร Inter ที่สยามเปิดให้บริการ,https://www.wongnai.com/reviews/6beb02ace7d347cc9e46a8a31aba7827
1982,thailand,,Central Group มีห้างแห่งแรกที่ลาดพร้าว,https://en.wikipedia.org/wiki/CentralPlaza_Lardprao
1982,thailand,,สาว สาว สาว ออกอัลบั้มแรก,https://th.wikipedia.org/wiki/%E0%B8%AA%E0%B8%B2%E0%B8%A7_%E0%B8%AA%E0%B8%B2%E0%B8%A7_%E0%B8%AA%E0%B8%B2%E0%B8%A7
1984,world,,"Apple Macintosh launched, dawn of personal computing",
1984,thailand,,ก่อตั้งแกรมมี ดังเป็นพลุแตกจากอัลบั้มแรกของเต๋อเรวัตกับคาราบาว,https://th.wikipedia.org/wiki/%E0%B8%88%E0%B8%B5%E0%B9%80%E0%B8%AD%E0%B9%87%E0%B8%A1%E0%B9%80%E0%B8%AD%E0%B9%87%E0%B8%A1_%E0%B9%81%E0%B8%81%E0%B8%A3%E0%B8%A1%E0%B8%A1%E0%B8%B5%E0%B9%88
1985,world,,1st Mario game on Super Famicom,
1985,thailand,,แมคโดนัลด์สาขาแรกในไทย,
1986,world,,Chernobyl disaster,
1986,thailand,,พี่เบิร์ดปล่อยอัลบั้มแรก หาดทรายสายลมสองเรา,https://en.wikipedia.org/wiki/Thongchai_McIntyre
1986,thailand,,"อัสนี วสันต์ ออกอัลบั้มแรก ""บ้าหอบฟาง""",
1989,world,,World Wide Web invented,
1989,world,,Tainanmen Square massacre,
1989,thailand,,เซเว่นแห่งแรกของไทย บนถนนพัฒน์พงศ์,https://en.wikipedia.org/wiki/Charoen_Pokphand#7-Eleven
1990,world,,Fall of the Berlin Wall,https://en.wikipedia.org/wiki/Fall_of_the_Berlin_Wall
1991,world,,Dissolution of the Soviet Union,https://en.wikipedia.org/wiki/Dissolution_of_the_Soviet_Union
1991,world,1,End of Cold War,
1991,world,,Michael Jordan won his first NBA,https://en.wikipedia.org/wiki/Michael_Jordan
1992,thailand,,พฤษภาทมิฬ,https://th.wikipedia.org/wiki/%E0%B8%9E%E0%B8%A4%E0%B8%A9%E0%B8%A0%E0%B8%B2%E0%B8%97%E0%B8%A1%E0%B8%B4%E0%B8%AC
1993,world,,The European Union was founded,
1993,thailand,,เจเจตรินออกอัลบั้ม 108-1009 (ยุ่งน่า ก็ใครมันจะไปรู้ล่ะ ประมาณนี้หรือเปล่า คาใจ),https://th.wikipedia.org/wiki/%E0%B9%80%E0%B8%88%E0%B8%95%E0%B8%A3%E0%B8%B4%E0%B8%99_%E0%B8%A7%E0%B8%A3%E0%B8%A3%E0%B8%98%E0%B8%99%E0%B8%B0%E0%B8%AA%E0%B8%B4%E0%B8%99#%E0%B8%9C%E0%B8%A5%E0%B8%87%E0%B8%B2%E0%B8%99%E0%B9%80%E0%B8%9E%E0%B8%A5%E0%B8%87
1994,world,,Nelson Mendala became a president,
1995,world,,"Toy Story, 1st computer animated film",
1995,thailand,,น้ำท่วมใหญ่,https://th.wikipedia.org/wiki/%E0%B8%AD%E0%B8%B8%E0%B8%97%E0%B8%81%E0%B8%A0%E0%B8%B1%E0%B8%A2%E0%B9%83%E0%B8%99%E0%B8%9B%E0%B8%A3%E0%B8%B0%E0%B9%80%E0%B8%97%E0%B8%A8%E0%B9%84%E0%B8%97%E0%B8%A2_%E0%B8%9E.%E0%B8%A8._2538
1996,world,,1st Pokemon game released,
1996,thailand,,สมรักษ์ คำสิงห์ ได้เหรียญทองโอลิมปิกเหรียญแรกของไทย,
1997,world,1,Asian Financial Crisis,
1997,world,,Princess Diana Died,"https://en.wikipedia.org/wiki/Death_of_Diana,_Princess_of_Wales"
1997,world,,Hong Kong independence,
1997,world,,1st Harry Potter book published,
1997,thailand,,วิกฤติต้มยำกุ้ง,https://th.wikipedia.org/wiki/%E0%B8%A7%E0%B8%B4%E0%B8%81%E0%B8%A4%E0%B8%95%E0%B8%95%E0%B9%89%E0%B8%A1%E0%B8%A2%E0%B8%B3%E0%B8%81%E0%B8%B8%E0%B9%89%E0%B8%87
1998,world,,Google Founded,https://en.wikipedia.org/wiki/Google
1999,thailand,,รถไฟฟ้า BTS เปิดให้บริการ,
2000,thailand,,นิตยสารอะเดย์เล่มแรก,
2001,world,,9-11 incident,
2001,thailand,,ทักษิณเป็นนายก,https://th.wikipedia.org/wiki/%E0%B8%97%E0%B8%B1%E0%B8%81%E0%B8%A9%E0%B8%B4%E0%B8%93_%E0%B8%8A%E0%B8%B4%E0%B8%99%E0%B8%A7%E0%B8%B1%E0%B8%95%E0%B8%A3#%E0%B8%81%E0%B8%B2%E0%B8%A3%E0%B8%94%E0%B8%B3%E0%B8%A3%E0%B8%87%E0%B8%95%E0%B8%B3%E0%B9%81%E0%B8%AB%E0%B8%99%E0%B9%88%E0%B8%87%E0%B8%99%E0%B8%B2%E0%B8%A2%E0%B8%81%E0%B8%A3%E0%B8%B1%E0%B8%90%E0%B8%A1%E0%B8%99%E0%B8%95%E0%B8%A3%E0%B8%B5
2001,thailand,,สุริโยไทออกฉาย,https://th.m.wikipedia.org/wiki/%E0%B8%AA%E0%B8%B8%E0%B8%A3%E0%B8%B4%E0%B9%82%E0%B8%A2%E0%B9%84%E0%B8%97
2003,world,,Beginning of Facebook,https://en.wikipedia.org/wiki/Facebook
2003,world,,SARS outbreak,
2004,thailand,,พันธมิตร (เสื้อเหลือง) ก่อตั้ง,https://th.wikipedia.org/wiki/%E0%B8%81%E0%B8%B2%E0%B8%A3%E0%B8%9B%E0%B8%A3%E0%B8%B0%E0%B8%97%E0%B9%89%E0%B8%A7%E0%B8%87%E0%B8%82%E0%B8%B1%E0%B8%9A%E0%B8%97%E0%B8%B1%E0%B8%81%E0%B8%A9%E0%B8%B4%E0%B8%93_%E0%B8%8A%E0%B8%B4%E0%B8%99%E0%B8%A7%E0%B8%B1%E0%B8%95%E0%B8%A3%E0%B8%AD%E0%B8%AD%E0%B8%81%E0%B8%88%E0%B8%B2%E0%B8%81%E0%B8%95%E0%B8%B3%E0%B9%81%E0%B8%AB%E0%B8%99%E0%B9%88%E0%B8%87
2004,thailand,,สึนามิ,
2004,thailand,,ไข้หวัดนก,https://th.wikipedia.org/wiki/%E0%B9%84%E0%B8%82%E0%B9%89%E0%B8%AB%E0%B8%A7%E0%B8%B1%E0%B8%94%E0%B8%99%E0%B8%81
2005,thailand,,บอดี้สแลมออกอัลบั้มบีลีฟ (ขอบฟ้า ความรักทำให้คนตาบอด คนที่ถูกรัก ความเชื่อ),https://th.wikipedia.org/wiki/%E0%B8%9A%E0%B8%AD%E0%B8%94%E0%B8%B5%E0%B9%89%E0%B8%AA%E0%B9%81%E0%B8%A5%E0%B8%A1#%E0%B8%AD%E0%B8%B1%E0%B8%A5%E0%B8%9A%E0%B8%B1%E0%B9%89%E0%B8%A1_%E0%B8%9A%E0%B8%B5%E0%B8%A5%E0%B8%B5%E0%B8%9F_(%E0%B8%9E.%E0%B8%A8._2548%E2%80%932549)
2005,thailand,,สยามพารากอนเปิดให้บริการ,https://th.wikipedia.org/wiki/%E0%B8%AA%E0%B8%A2%E0%B8%B2%E0%B8%A1%E0%B8%9E%E0%B8%B2%E0%B8%A3%E0%B8%B2%E0%B8%81%E0%B8%AD%E0%B8%99
2006,world,,"""An Inconvenient Truth"" documentary",
2006,thailand,,รัฐประหาร โดยคมช. (ไล่ทักษิณ),https://th.wikipedia.org/wiki/%E0%B8%A3%E0%B8%B1%E0%B8%90%E0%B8%9B%E0%B8%A3%E0%B8%B0%E0%B8%AB%E0%B8%B2%E0%B8%A3%E0%B9%83%E0%B8%99%E0%B8%9B%E0%B8%A3%E0%B8%B0%E0%B9%80%E0%B8%97%E0%B8%A8%E0%B9%84%E0%B8%97%E0%B8%A2_%E0%B8%9E.%E0%B8%A8._2549
2006,thailand,,เปิดสนามบินสุวรรณภูมิ,
2006,thailand,,พระราชพิธีฉลองสิริราชสมบัติครบ 60 ปี,https://th.wikipedia.org/wiki/%E0%B8%9E%E0%B8%A3%E0%B8%B0%E0%B8%A3%E0%B8%B2%E0%B8%8A%E0%B8%9E%E0%B8%B4%E0%B8%98%E0%B8%B5%E0%B8%89%E0%B8%A5%E0%B8%AD%E0%B8%87%E0%B8%AA%E0%B8%B4%E0%B8%A3%E0%B8%B4%E0%B8%A3%E0%B8%B2%E0%B8%8A%E0%B8%AA%E0%B8%A1%E0%B8%9A%E0%B8%B1%E0%B8%95%E0%B8%B4%E0%B8%84%E0%B8%A3%E0%B8%9A_60_%E0%B8%9B%E0%B8%B5
2007,world,,iPhone announced,
2007,thailand,,นปช. (เสื้อแดง) ก่อตั้ง,https://th.wikipedia.org/wiki/%E0%B9%81%E0%B8%99%E0%B8%A7%E0%B8%A3%E0%B9%88%E0%B8%A7%E0%B8%A1%E0%B8%9B%E0%B8%A3%E0%B8%B0%E0%B8%8A%E0%B8%B2%E0%B8%98%E0%B8%B4%E0%B8%9B%E0%B9%84%E0%B8%95%E0%B8%A2%E0%B8%95%E0%B9%88%E0%B8%AD%E0%B8%95%E0%B9%89%E0%B8%B2%E0%B8%99%E0%B9%80%E0%B8%9C%E0%B8%94%E0%B9%87%E0%B8%88%E0%B8%81%E0%B8%B2%E0%B8%A3%E0%B9%81%E0%B8%AB%E0%B9%88%E0%B8%87%E0%B8%8A%E0%B8%B2%E0%B8%95%E0%B8%B4
2007,thailand,,หนังพระนเรศวรภาคแรก,https://en.wikipedia.org/wiki/King_Naresuan_%28film%29
2008,world,1,Housing Market Crash,
2008,world,,Beijing Olympics,https://en.wikipedia.org/wiki/2008_Summer_Olympics
2008,world,,Iron Man,
2008,thailand,,BACC เปิด,https://en.wikipedia.org/wiki/Bangkok_Art_and_Culture_Centre
2009,world,,Barack Obama became a president,https://en.wikipedia.org/wiki/Barack_Obama
2010,world,,Arab Spring started,https://en.wikipedia.org/wiki/Arab_Spring#Timeline
2010,thailand,,เผากรุงเทพ,https://th.wikipedia.org/wiki/%E0%B8%81%E0%B8%B2%E0%B8%A3%E0%B8%8A%E0%B8%B8%E0%B8%A1%E0%B8%99%E0%B8%B8%E0%B8%A1%E0%B8%82%E0%B8%AD%E0%B8%87%E0%B9%81%E0%B8%99%E0%B8%A7%E0%B8%A3%E0%B9%88%E0%B8%A7%E0%B8%A1%E0%B8%9B%E0%B8%A3%E0%B8%B0%E0%B8%8A%E0%B8%B2%E0%B8%98%E0%B8%B4%E0%B8%9B%E0%B9%84%E0%B8%95%E0%B8%A2%E0%B8%95%E0%B9%88%E0%B8%AD%E0%B8%95%E0%B9%89%E0%B8%B2%E0%B8%99%E0%B9%80%E0%B8%9C%E0%B8%94%E0%B9%87%E0%B8%88%E0%B8%81%E0%B8%B2%E0%B8%A3%E0%B9%81%E0%B8%AB%E0%B9%88%E0%B8%87%E0%B8%8A%E0%B8%B2%E0%B8%95%E0%B8%B4_%E0%B8%9E.%E0%B8%A8._2553
2011,world,,Steve Jobs Died,https://en.wikipedia.org/wiki/Steve_Jobs
2011,thailand,,มหาอุทกภัย น้ำท่วมใหญ่กรุงเทพ,https://th.wikipedia.org/wiki/%E0%B8%AD%E0%B8%B8%E0%B8%97%E0%B8%81%E0%B8%A0%E0%B8%B1%E0%B8%A2%E0%B9%83%E0%B8%99%E0%B8%9B%E0%B8%A3%E0%B8%B0%E0%B9%80%E0%B8%97%E0%B8%A8%E0%B9%84%E0%B8%97%E0%B8%A2_%E0%B8%9E.%E0%B8%A8._2554
2012,world,,The Avengers,
2012,thailand,,การเสด็จออกมหาสมาคม 85 พรรษา,https://th.wikipedia.org/wiki/%E0%B8%81%E0%B8%B2%E0%B8%A3%E0%B9%80%E0%B8%AA%E0%B8%94%E0%B9%87%E0%B8%88%E0%B8%AD%E0%B8%AD%E0%B8%81%E0%B8%A1%E0%B8%AB%E0%B8%B2%E0%B8%AA%E0%B8%A1%E0%B8%B2%E0%B8%84%E0%B8%A1%E0%B9%83%E0%B8%99%E0%B8%A3%E0%B8%B1%E0%B8%8A%E0%B8%81%E0%B8%B2%E0%B8%A5%E0%B8%97%E0%B8%B5%E0%B9%88_9
2013,world,,the Snowden Leak,https://en.wikipedia.org/wiki/Global_surveillance_disclosures_(2013%E2%80%93present)
2013,world,,#BlackLivesMatter started,
2013,thailand,,กปปส. ก่อตั้ง,https://th.wikipedia.org/wiki/%E0%B8%81%E0%B8%9B%E0%B8%9B%E0%B8%AA.
2014,thailand,,รัฐประหาร โดยคสช.,https://th.wikipedia.org/wiki/%E0%B8%A3%E0%B8%B1%E0%B8%90%E0%B8%9B%E0%B8%A3%E0%B8%B0%E0%B8%AB%E0%B8%B2%E0%B8%A3%E0%B9%83%E0%B8%99%E0%B8%9B%E0%B8%A3%E0%B8%B0%E0%B9%80%E0%B8%97%E0%B8%A8%E0%B9%84%E0%B8%97%E0%B8%A2_%E0%B8%9E.%E0%B8%A8._2557
2014,thailand,,เริ่มดิจิทัลทีวี,https://th.wikipedia.org/wiki/%E0%B9%82%E0%B8%97%E0%B8%A3%E0%B8%97%E0%B8%B1%E0%B8%A8%E0%B8%99%E0%B9%8C%E0%B8%A0%E0%B8%B2%E0%B8%84%E0%B8%9E%E0%B8%B7%E0%B9%89%E0%B8%99%E0%B8%94%E0%B8%B4%E0%B8%99%E0%B8%A3%E0%B8%B0%E0%B8%9A%E0%B8%9A%E0%B8%94%E0%B8%B4%E0%B8%88%E0%B8%B4%E0%B8%97%E0%B8%B1%E0%B8%A5%E0%B9%83%E0%B8%99%E0%B8%9B%E0%B8%A3%E0%B8%B0%E0%B9%80%E0%B8%97%E0%B8%A8%E0%B9%84%E0%B8%97%E0%B8%A2
2015,world,,Same-sex marriage legalized in the US,
2016,world,,Trump elected as president,
2016,world,,TikTok launched,
2016,world,,Brexit referandum,
2016,thailand,,ร.9 สวรรคต,
2016,thailand,,ร.10 ขึ้นครองราชย์,https://th.wikipedia.org/wiki/%E0%B8%9E%E0%B8%A3%E0%B8%B0%E0%B8%9A%E0%B8%B2%E0%B8%97%E0%B8%AA%E0%B8%A1%E0%B9%80%E0%B8%94%E0%B9%87%E0%B8%88%E0%B8%9E%E0%B8%A3%E0%B8%B0%E0%B8%A7%E0%B8%8A%E0%B8%B4%E0%B8%A3%E0%B9%80%E0%B8%81%E0%B8%A5%E0%B9%89%E0%B8%B2%E0%B9%80%E0%B8%88%E0%B9%89%E0%B8%B2%E0%B8%AD%E0%B8%A2%E0%B8%B9%E0%B9%88%E0%B8%AB%E0%B8%B1%E0%B8%A7#%E0%B8%9E%E0%B8%A3%E0%B8%B0%E0%B8%A3%E0%B8%B2%E0%B8%8A%E0%B8%9E%E0%B8%B4%E0%B8%98%E0%B8%B5%E0%B8%AA%E0%B8%A1%E0%B9%82%E0%B8%A0%E0%B8%8A%E0%B9%80%E0%B8%94%E0%B8%B7%E0%B8%AD%E0%B8%99%E0%B9%81%E0%B8%A5%E0%B8%B0%E0%B8%82%E0%B8%B6%E0%B9%89%E0%B8%99%E0%B8%9E%E0%B8%A3%E0%B8%B0%E0%B8%AD%E0%B8%B9%E0%B9%88
2017,thailand,,พี่ตูนวิ่ง,https://th.wikipedia.org/wiki/%E0%B8%AD%E0%B8%B2%E0%B8%97%E0%B8%B4%E0%B8%A7%E0%B8%A3%E0%B8%B2%E0%B8%AB%E0%B9%8C_%E0%B8%84%E0%B8%87%E0%B8%A1%E0%B8%B2%E0%B8%A5%E0%B8%B1%E0%B8%A2
2018,world,,#MeToo movement,
2018,world,,USA-China trade war began,
2018,thailand,,เกิดพรรคอนาคตใหม่,
2019,world,,"Greta Thunberg's ""How dare you?"" speech ",
2019,world,,Hong Kong protest started,
2019,thailand,,บรมราชาภิเษก ร.10,https://th.wikipedia.org/wiki/%E0%B8%9E%E0%B8%A3%E0%B8%B0%E0%B8%9A%E0%B8%B2%E0%B8%97%E0%B8%AA%E0%B8%A1%E0%B9%80%E0%B8%94%E0%B9%87%E0%B8%88%E0%B8%9E%E0%B8%A3%E0%B8%B0%E0%B8%A7%E0%B8%8A%E0%B8%B4%E0%B8%A3%E0%B9%80%E0%B8%81%E0%B8%A5%E0%B9%89%E0%B8%B2%E0%B9%80%E0%B8%88%E0%B9%89%E0%B8%B2%E0%B8%AD%E0%B8%A2%E0%B8%B9%E0%B9%88%E0%B8%AB%E0%B8%B1%E0%B8%A7#%E0%B8%9E%E0%B8%A3%E0%B8%B0%E0%B8%A3%E0%B8%B2%E0%B8%8A%E0%B8%9E%E0%B8%B4%E0%B8%98%E0%B8%B5%E0%B8%AA%E0%B8%A1%E0%B9%82%E0%B8%A0%E0%B8%8A%E0%B9%80%E0%B8%94%E0%B8%B7%E0%B8%AD%E0%B8%99%E0%B9%81%E0%B8%A5%E0%B8%B0%E0%B8%82%E0%B8%B6%E0%B9%89%E0%B8%99%E0%B8%9E%E0%B8%A3%E0%B8%B0%E0%B8%AD%E0%B8%B9%E0%B9%88
2020,world,,COVID-19 pandemic,
2020,thailand,,ชุมนุมใหญ่ประชาชนปลดแอก,